<?xml version="1.0" encoding="utf-8"?>

<demos>

<name>INTLAB - INTerval LABoratory</name>
<type>other</type>
<icon>$toolbox/matlab/icons/matlabicon.gif</icon>
<description>
    <p>INTLAB is the Matlab toolbox for self-validating algorithms.</p>
</description>

<demoitem>
	<label>A little demonstration of INTLAB</label>
	<type>M-file</type>
	<source>dintlab</source>
</demoitem>

   <demoitem>
	   <label>Interval computations</label>
	   <type>M-file</type>
	   <source>dintval</source>
   </demoitem>
   
   <demoitem>
	   <label>Gradients: automatic differentiation</label>
	   <type>M-file</type>
	   <source>dgradient</source>
   </demoitem>
   
   <demoitem>
	   <label>Hessians: automatic differentiation with second derivative</label>
	   <type>M-file</type>
	   <source>dhessian</source>
   </demoitem>
   
  <demoitem>
	<label>Polynom: real and complex (interval) polynomials</label>
	<type>M-file</type>
	<source>dpolynom</source>
  </demoitem>
 
   <demoitem>
	   <label>Slopes: automatic slope generation</label>
	   <type>M-file</type>
	   <source>dslope</source>
   </demoitem>

   <demoitem>
	   <label>Long numbers: a non-optimal multiple precision package</label>
	   <type>M-file</type>
	   <source>dlong</source>
   </demoitem>
      
</demos>